d,a,t,e
c,o,s,t
d,a,t,e
c,o,s,t
d,a,t,e
c,o,s,t
d,a,t,e
c,o,s,t
d,a,t,e
c,o,s,t
d,a,t,e
c,o,s,t
d,a,t,e
c,o,s,t
d,a,t,e
c,o,s,t
d,a,t,e
c,o,s,t
d,a,t,e
c,o,s,t
d,a,t,e
c,o,s,t
d,a,t,e
c,o,s,t
d,a,t,e
c,o,s,t
d,a,t,e
c,o,s,t
d,a,t,e
c,o,s,t
d,a,t,e
c,o,s,t
d,a,t,e
c,o,s,t
d,a,t,e
c,o,s,t
d,a,t,e
c,o,s,t
d,a,t,e
c,o,s,t
d,a,t,e
c,o,s,t
d,a,t,e
c,o,s,t
d,a,t,e
c,o,s,t
d,a,t,e
c,o,s,t
d,a,t,e
c,o,s,t
d,a,t,e
c,o,s,t
d,a,t,e
c,o,s,t
d,a,t,e
c,o,s,t
d,a,t,e
c,o,s,t
d,a,t,e
c,o,s,t
d,a,t,e
c,o,s,t
d,a,t,e
c,o,s,t
d,a,t,e
c,o,s,t
d,a,t,e
c,o,s,t
d,a,t,e
c,o,s,t
d,a,t,e
c,o,s,t
d,a,t,e
c,o,s,t
d,a,t,e
c,o,s,t
d,a,t,e
c,o,s,t
d,a,t,e
c,o,s,t
d,a,t,e
c,o,s,t
d,a,t,e
c,o,s,t
d,a,t,e
c,o,s,t
d,a,t,e
c,o,s,t
d,a,t,e
c,o,s,t
d,a,t,e
c,o,s,t
d,a,t,e
c,o,s,t
d,a,t,e
c,o,s,t
d,a,t,e
c,o,s,t
d,a,t,e
c,o,s,t
d,a,t,e
c,o,s,t
d,a,t,e
c,o,s,t
d,a,t,e
c,o,s,t
d,a,t,e
c,o,s,t
d,a,t,e
c,o,s,t
d,a,t,e
c,o,s,t
d,a,t,e
c,o,s,t
d,a,t,e
c,o,s,t
d,a,t,e
c,o,s,t
d,a,t,e
c,o,s,t
d,a,t,e
c,o,s,t
d,a,t,e
c,o,s,t
d,a,t,e
c,o,s,t
d,a,t,e
c,o,s,t
d,a,t,e
c,o,s,t
d,a,t,e
c,o,s,t
d,a,t,e
c,o,s,t
d,a,t,e
c,o,s,t
d,a,t,e
c,o,s,t
d,a,t,e
c,o,s,t
d,a,t,e
c,o,s,t
d,a,t,e
c,o,s,t
d,a,t,e
c,o,s,t
d,a,t,e
c,o,s,t
d,a,t,e
c,o,s,t
d,a,t,e
c,o,s,t
d,a,t,e
c,o,s,t
d,a,t,e
c,o,s,t
d,a,t,e
c,o,s,t
d,a,t,e
c,o,s,t
d,a,t,e
c,o,s,t
d,a,t,e
c,o,s,t
d,a,t,e
c,o,s,t
d,a,t,e
c,o,s,t
d,a,t,e
c,o,s,t
d,a,t,e
c,o,s,t
d,a,t,e
c,o,s,t
d,a,t,e
c,o,s,t
d,a,t,e
c,o,s,t
d,a,t,e
c,o,s,t
d,a,t,e
c,o,s,t
d,a,t,e
c,o,s,t
d,a,t,e
c,o,s,t
d,a,t,e
c,o,s,t
d,a,t,e
c,o,s,t
d,a,t,e
c,o,s,t
d,a,t,e
c,o,s,t
d,a,t,e
c,o,s,t
d,a,t,e
c,o,s,t
d,a,t,e
c,o,s,t
d,a,t,e
c,o,s,t
d,a,t,e
c,o,s,t
d,a,t,e
c,o,s,t
d,a,t,e
c,o,s,t
d,a,t,e
c,o,s,t
d,a,t,e
c,o,s,t
d,a,t,e
c,o,s,t
d,a,t,e
c,o,s,t
d,a,t,e
c,o,s,t
d,a,t,e
c,o,s,t
d,a,t,e
c,o,s,t
d,a,t,e
c,o,s,t
d,a,t,e
c,o,s,t
d,a,t,e
c,o,s,t
d,a,t,e
c,o,s,t
d,a,t,e
c,o,s,t
d,a,t,e
c,o,s,t
d,a,t,e
c,o,s,t
d,a,t,e
c,o,s,t
d,a,t,e
c,o,s,t
d,a,t,e
c,o,s,t
d,a,t,e
c,o,s,t
d,a,t,e
c,o,s,t
d,a,t,e
c,o,s,t
d,a,t,e
c,o,s,t
d,a,t,e
c,o,s,t
d,a,t,e
c,o,s,t
d,a,t,e
c,o,s,t
d,a,t,e
c,o,s,t
d,a,t,e
c,o,s,t
d,a,t,e
c,o,s,t
d,a,t,e
c,o,s,t
d,a,t,e
c,o,s,t
d,a,t,e
c,o,s,t
d,a,t,e
c,o,s,t
d,a,t,e
c,o,s,t
d,a,t,e
c,o,s,t
d,a,t,e
c,o,s,t
d,a,t,e
c,o,s,t
d,a,t,e
c,o,s,t
d,a,t,e
c,o,s,t
d,a,t,e
c,o,s,t
d,a,t,e
c,o,s,t
d,a,t,e
c,o,s,t
d,a,t,e
c,o,s,t
d,a,t,e
c,o,s,t
d,a,t,e
c,o,s,t
d,a,t,e
c,o,s,t
d,a,t,e
c,o,s,t
d,a,t,e
c,o,s,t
d,a,t,e
c,o,s,t
d,a,t,e
c,o,s,t
d,a,t,e
c,o,s,t
d,a,t,e
c,o,s,t
d,a,t,e
c,o,s,t
d,a,t,e
c,o,s,t
d,a,t,e
c,o,s,t
d,a,t,e
c,o,s,t
d,a,t,e
c,o,s,t
d,a,t,e
c,o,s,t
d,a,t,e
c,o,s,t
d,a,t,e
c,o,s,t
d,a,t,e
c,o,s,t
d,a,t,e
c,o,s,t
d,a,t,e
c,o,s,t
d,a,t,e
c,o,s,t
d,a,t,e
c,o,s,t
d,a,t,e
c,o,s,t
d,a,t,e
c,o,s,t
d,a,t,e
c,o,s,t
d,a,t,e
c,o,s,t
d,a,t,e
c,o,s,t
d,a,t,e
c,o,s,t
d,a,t,e
c,o,s,t
d,a,t,e
c,o,s,t
d,a,t,e
c,o,s,t
d,a,t,e
c,o,s,t
d,a,t,e
c,o,s,t
d,a,t,e
c,o,s,t
d,a,t,e
c,o,s,t
d,a,t,e
c,o,s,t
d,a,t,e
c,o,s,t
d,a,t,e
c,o,s,t
d,a,t,e
c,o,s,t
d,a,t,e
c,o,s,t
d,a,t,e
c,o,s,t
d,a,t,e
c,o,s,t
d,a,t,e
c,o,s,t
d,a,t,e
c,o,s,t
d,a,t,e
c,o,s,t
d,a,t,e
c,o,s,t
d,a,t,e
c,o,s,t
d,a,t,e
c,o,s,t
d,a,t,e
c,o,s,t
d,a,t,e
c,o,s,t
d,a,t,e
c,o,s,t
d,a,t,e
c,o,s,t
d,a,t,e
c,o,s,t
d,a,t,e
c,o,s,t
d,a,t,e
c,o,s,t
d,a,t,e
c,o,s,t
d,a,t,e
c,o,s,t
d,a,t,e
c,o,s,t
d,a,t,e
c,o,s,t
d,a,t,e
c,o,s,t
d,a,t,e
c,o,s,t
d,a,t,e
c,o,s,t
d,a,t,e
c,o,s,t
d,a,t,e
c,o,s,t
d,a,t,e
c,o,s,t
d,a,t,e
c,o,s,t
d,a,t,e
c,o,s,t
d,a,t,e
c,o,s,t
d,a,t,e
c,o,s,t
d,a,t,e
c,o,s,t
d,a,t,e
c,o,s,t
d,a,t,e
c,o,s,t
d,a,t,e
c,o,s,t
d,a,t,e
c,o,s,t
d,a,t,e
c,o,s,t
d,a,t,e
c,o,s,t
d,a,t,e
c,o,s,t
d,a,t,e
c,o,s,t
d,a,t,e
c,o,s,t
d,a,t,e
c,o,s,t
d,a,t,e
c,o,s,t
d,a,t,e
c,o,s,t
d,a,t,e
c,o,s,t
d,a,t,e
c,o,s,t
d,a,t,e
c,o,s,t
d,a,t,e
c,o,s,t
d,a,t,e
c,o,s,t
d,a,t,e
c,o,s,t
d,a,t,e
c,o,s,t
d,a,t,e
c,o,s,t
d,a,t,e
c,o,s,t
d,a,t,e
c,o,s,t
d,a,t,e
c,o,s,t
d,a,t,e
c,o,s,t
d,a,t,e
c,o,s,t
d,a,t,e
c,o,s,t
d,a,t,e
c,o,s,t
d,a,t,e
c,o,s,t
d,a,t,e
c,o,s,t
d,a,t,e
c,o,s,t
d,a,t,e
c,o,s,t
d,a,t,e
c,o,s,t
d,a,t,e
c,o,s,t
d,a,t,e
c,o,s,t
d,a,t,e
c,o,s,t
d,a,t,e
c,o,s,t
d,a,t,e
c,o,s,t
d,a,t,e
c,o,s,t
d,a,t,e
c,o,s,t
d,a,t,e
c,o,s,t
d,a,t,e
c,o,s,t
d,a,t,e
c,o,s,t
d,a,t,e
c,o,s,t
d,a,t,e
c,o,s,t
d,a,t,e
c,o,s,t
d,a,t,e
c,o,s,t
d,a,t,e
c,o,s,t
d,a,t,e
c,o,s,t
d,a,t,e
c,o,s,t
d,a,t,e
c,o,s,t
d,a,t,e
c,o,s,t
d,a,t,e
c,o,s,t
d,a,t,e
c,o,s,t
d,a,t,e
c,o,s,t
d,a,t,e
c,o,s,t
d,a,t,e
c,o,s,t
d,a,t,e
c,o,s,t
d,a,t,e
c,o,s,t
d,a,t,e
c,o,s,t
d,a,t,e
c,o,s,t
d,a,t,e
c,o,s,t
d,a,t,e
c,o,s,t
d,a,t,e
c,o,s,t
d,a,t,e
c,o,s,t
d,a,t,e
c,o,s,t
d,a,t,e
c,o,s,t
d,a,t,e
c,o,s,t
d,a,t,e
c,o,s,t
d,a,t,e
c,o,s,t
d,a,t,e
c,o,s,t
d,a,t,e
c,o,s,t
d,a,t,e
c,o,s,t
d,a,t,e
c,o,s,t
d,a,t,e
c,o,s,t
d,a,t,e
c,o,s,t
d,a,t,e
c,o,s,t
d,a,t,e
c,o,s,t
d,a,t,e
c,o,s,t
d,a,t,e
c,o,s,t
d,a,t,e
c,o,s,t
d,a,t,e
c,o,s,t
d,a,t,e
c,o,s,t
d,a,t,e
c,o,s,t
d,a,t,e
c,o,s,t
d,a,t,e
c,o,s,t
d,a,t,e
c,o,s,t
d,a,t,e
c,o,s,t
d,a,t,e
c,o,s,t
d,a,t,e
c,o,s,t
d,a,t,e
c,o,s,t
d,a,t,e
c,o,s,t
d,a,t,e
c,o,s,t
d,a,t,e
c,o,s,t
d,a,t,e
c,o,s,t
d,a,t,e
c,o,s,t
d,a,t,e
c,o,s,t
d,a,t,e
c,o,s,t
d,a,t,e
c,o,s,t
d,a,t,e
c,o,s,t
d,a,t,e
c,o,s,t
d,a,t,e
c,o,s,t
d,a,t,e
c,o,s,t
d,a,t,e
c,o,s,t
d,a,t,e
c,o,s,t
d,a,t,e
c,o,s,t
d,a,t,e
c,o,s,t
d,a,t,e
c,o,s,t
d,a,t,e
c,o,s,t
d,a,t,e
c,o,s,t
d,a,t,e
c,o,s,t
d,a,t,e
c,o,s,t
d,a,t,e
c,o,s,t
d,a,t,e
c,o,s,t
d,a,t,e
c,o,s,t
d,a,t,e
c,o,s,t
d,a,t,e
c,o,s,t
d,a,t,e
c,o,s,t
d,a,t,e
c,o,s,t
d,a,t,e
c,o,s,t
d,a,t,e
c,o,s,t
d,a,t,e
c,o,s,t
d,a,t,e
c,o,s,t
d,a,t,e
c,o,s,t
d,a,t,e
c,o,s,t
d,a,t,e
c,o,s,t
d,a,t,e
c,o,s,t
d,a,t,e
c,o,s,t
d,a,t,e
c,o,s,t
d,a,t,e
c,o,s,t
d,a,t,e
c,o,s,t
d,a,t,e
c,o,s,t
d,a,t,e
c,o,s,t
d,a,t,e
c,o,s,t
d,a,t,e
c,o,s,t
d,a,t,e
c,o,s,t
d,a,t,e
c,o,s,t
d,a,t,e
c,o,s,t
d,a,t,e
c,o,s,t
d,a,t,e
c,o,s,t
d,a,t,e
c,o,s,t
d,a,t,e
c,o,s,t
d,a,t,e
c,o,s,t
d,a,t,e
c,o,s,t
d,a,t,e
c,o,s,t
d,a,t,e
c,o,s,t
d,a,t,e
c,o,s,t
d,a,t,e
c,o,s,t
d,a,t,e
c,o,s,t
d,a,t,e
c,o,s,t
d,a,t,e
c,o,s,t
d,a,t,e
c,o,s,t
d,a,t,e
c,o,s,t
d,a,t,e
c,o,s,t
d,a,t,e
c,o,s,t
d,a,t,e
c,o,s,t
d,a,t,e
c,o,s,t
d,a,t,e
c,o,s,t
d,a,t,e
c,o,s,t
d,a,t,e
c,o,s,t
d,a,t,e
c,o,s,t
d,a,t,e
c,o,s,t
d,a,t,e
c,o,s,t
d,a,t,e
c,o,s,t
d,a,t,e
c,o,s,t
d,a,t,e
c,o,s,t
d,a,t,e
c,o,s,t
d,a,t,e
c,o,s,t
d,a,t,e
c,o,s,t
d,a,t,e
c,o,s,t
d,a,t,e
c,o,s,t
d,a,t,e
c,o,s,t
d,a,t,e
c,o,s,t
d,a,t,e
c,o,s,t
d,a,t,e
c,o,s,t
d,a,t,e
c,o,s,t
d,a,t,e
c,o,s,t
d,a,t,e
c,o,s,t
d,a,t,e
c,o,s,t
d,a,t,e
c,o,s,t
d,a,t,e
c,o,s,t
d,a,t,e
c,o,s,t
d,a,t,e
c,o,s,t
d,a,t,e
c,o,s,t
d,a,t,e
c,o,s,t
d,a,t,e
c,o,s,t
d,a,t,e
c,o,s,t
d,a,t,e
c,o,s,t
d,a,t,e
c,o,s,t
d,a,t,e
c,o,s,t
d,a,t,e
c,o,s,t
d,a,t,e
c,o,s,t
d,a,t,e
c,o,s,t
d,a,t,e
c,o,s,t
d,a,t,e
c,o,s,t
d,a,t,e
c,o,s,t
d,a,t,e
c,o,s,t
d,a,t,e
c,o,s,t
d,a,t,e
c,o,s,t
d,a,t,e
c,o,s,t
d,a,t,e
c,o,s,t
d,a,t,e
c,o,s,t
d,a,t,e
c,o,s,t
d,a,t,e
c,o,s,t
d,a,t,e
c,o,s,t
d,a,t,e
c,o,s,t
d,a,t,e
c,o,s,t
d,a,t,e
c,o,s,t
d,a,t,e
c,o,s,t
d,a,t,e
c,o,s,t
d,a,t,e
c,o,s,t
d,a,t,e
c,o,s,t
d,a,t,e
c,o,s,t
d,a,t,e
c,o,s,t
d,a,t,e
c,o,s,t
d,a,t,e
c,o,s,t
d,a,t,e
c,o,s,t
d,a,t,e
c,o,s,t
d,a,t,e
c,o,s,t
d,a,t,e
c,o,s,t
d,a,t,e
c,o,s,t
d,a,t,e
c,o,s,t
d,a,t,e
c,o,s,t
d,a,t,e
c,o,s,t
d,a,t,e
c,o,s,t
d,a,t,e
c,o,s,t
d,a,t,e
c,o,s,t
d,a,t,e
c,o,s,t
d,a,t,e
c,o,s,t
d,a,t,e
c,o,s,t
d,a,t,e
c,o,s,t
d,a,t,e
c,o,s,t
d,a,t,e
c,o,s,t
d,a,t,e
c,o,s,t
d,a,t,e
c,o,s,t
d,a,t,e
c,o,s,t
d,a,t,e
c,o,s,t
d,a,t,e
c,o,s,t
d,a,t,e
c,o,s,t
d,a,t,e
c,o,s,t
d,a,t,e
c,o,s,t
d,a,t,e
c,o,s,t
d,a,t,e
c,o,s,t
d,a,t,e
c,o,s,t
d,a,t,e
c,o,s,t
d,a,t,e
c,o,s,t
d,a,t,e
c,o,s,t
d,a,t,e
c,o,s,t
d,a,t,e
c,o,s,t
d,a,t,e
c,o,s,t
d,a,t,e
c,o,s,t
d,a,t,e
c,o,s,t
d,a,t,e
c,o,s,t
d,a,t,e
c,o,s,t
d,a,t,e
c,o,s,t
d,a,t,e
c,o,s,t
d,a,t,e
c,o,s,t
d,a,t,e
c,o,s,t
d,a,t,e
c,o,s,t
d,a,t,e
c,o,s,t
d,a,t,e
c,o,s,t
d,a,t,e
c,o,s,t
d,a,t,e
c,o,s,t
d,a,t,e
c,o,s,t
d,a,t,e
c,o,s,t
d,a,t,e
c,o,s,t
d,a,t,e
c,o,s,t
d,a,t,e
c,o,s,t
d,a,t,e
c,o,s,t
d,a,t,e
c,o,s,t
d,a,t,e
c,o,s,t
d,a,t,e
c,o,s,t
d,a,t,e
c,o,s,t
d,a,t,e
c,o,s,t
d,a,t,e
c,o,s,t
d,a,t,e
c,o,s,t
d,a,t,e
c,o,s,t
d,a,t,e
c,o,s,t
d,a,t,e
c,o,s,t
d,a,t,e
c,o,s,t
d,a,t,e
c,o,s,t
d,a,t,e
c,o,s,t
d,a,t,e
c,o,s,t
d,a,t,e
c,o,s,t
d,a,t,e
c,o,s,t
d,a,t,e
c,o,s,t
d,a,t,e
c,o,s,t
d,a,t,e
c,o,s,t
d,a,t,e
c,o,s,t
d,a,t,e
c,o,s,t
d,a,t,e
c,o,s,t
d,a,t,e
c,o,s,t
d,a,t,e
c,o,s,t
d,a,t,e
c,o,s,t
d,a,t,e
c,o,s,t
d,a,t,e
c,o,s,t
d,a,t,e
c,o,s,t
d,a,t,e
c,o,s,t
d,a,t,e
c,o,s,t
d,a,t,e
c,o,s,t
d,a,t,e
c,o,s,t
d,a,t,e
c,o,s,t
